{
  "name": "Timezone_Generic",
  "version": "1.10.1",
  "keywords": "timing, ntp, rtc, wifi, ethernet, WiFiNINA, SAM DUE, SAMD, nRF52, STM32, wt32-eth01, rp2040, nano-rp2040-connect, rtl8720, FlashStorage, DueFlashStorage, LittleFS, EEPROM, portenta-h7, rpi-pico",
  "description": "Library to facilitate time zone conversions and automatic daylight saving (summer) time adjustments. For ESP8266, ESP32, WT32-ETH01 (ESP32 + LAN8720), SAMD21, SAMD51, nRF52, STM32F/L/H/G/WB/MP1, Teensy, SAM DUE, RTL8720DN, RP2040-based (Nano_RP2040_Connect, RASPBERRY_PI_PICO), Portenta_H7 (Ethernet or WiFi) boards, etc. using W5x00/ENC28J60/LAN8742A Ethernet, ESP or ESP-AT WiFi or WiFiNINA. Ethernet_Generic library is used as default for W5x00.",
  "authors": [
    {
      "name": "Jack Christensen",
      "email": "jack.christensen@outlook.com"
    },
    {
      "name":  "Khoi Hoang",
      "url":   "https://github.com/khoih-prog",
      "email": "khoih-prog@gmail.com",
      "maintainer": true
    }  
  ],
  "repository": {
    "type": "git",
    "url": "https://github.com/khoih-prog/Timezone_Generic"
  },
  "homepage": "https://github.com/khoih-prog/Timezone_Generic",
  "export": {
    "exclude": [
      "linux",
      "extras",
      "tests"
    ]
  },
  "dependencies": [
    {
      "owner": "paulstoffregen",
      "name": "Time",
      "version": ">=1.6.1",
      "platforms": ["*"]
    },
    {
      "owner": "khoih-prog",
      "name": "DS323x_Generic",
      "version": ">=1.3.1",
      "platforms": ["*"]
    },
    {
      "owner": "khoih-prog",
      "name": "FlashStorage_SAMD",
      "version": ">=1.3.2",
      "platforms": ["*"]
    },
    {
      "owner": "khoih-prog",
      "name": "FlashStorage_STM32",
      "version": ">=1.2.0",
      "platforms": ["*"]
    },
    {
      "owner": "khoih-prog",
      "name": "FlashStorage_STM32F1",
      "version": ">=1.1.0",
      "platforms": ["*"]
    },
    {
      "owner": "khoih-prog",
      "name": "FlashStorage_RTL8720",
      "version": ">=1.1.0",
      "platforms": ["*"]
    },
    {
      "owner": "khoih-prog",
      "name": "WiFiNINA_Generic",
      "version": ">=1.8.14-6",
      "platforms": ["*"]
    },
    {
      "owner": "khoih-prog",
      "name": "EthernetWebServer",
      "version": ">=2.2.3",
      "platforms": ["*"]
    },
    {
      "owner": "khoih-prog",
      "name": "EthernetWebServer_STM32",
      "version": ">=1.5.0",
      "platforms": ["*"]
    },
    {
      "owner": "khoih-prog",
      "name": "WiFiWebServer",
      "version": ">=1.9.5",
      "platforms": ["*"]
    },
    {
      "owner": "khoih-prog",
      "name": "WebServer_WT32_ETH01",
      "version": ">=1.5.1",
      "platforms": ["espressif32"]
    },
    {
      "owner": "khoih-prog",
      "name": "WiFiWebServer_RTL8720",
      "version": ">=1.1.2",
      "platforms": ["*"]
    },
    {
      "owner": "khoih-prog",
      "name": "ESP8266_AT_WebServer",
      "version": ">=1.5.4",
      "platforms": ["*"]
    },
    {
      "owner": "stm32duino",
      "name": "STM32duino LwIP",
      "version": ">=2.1.2",
      "platforms": ["ststm32"]
    },
    {
      "owner": "stm32duino",
      "name": "STM32Ethernet",
      "version": ">=1.3.0",
      "platforms": ["ststm32"]
    },
    {
      "owner": "stm32duino",
      "name": "STM32duino RTC",
      "version": ">=1.3.1",
      "platforms": ["ststm32"]
    },
    {
      "owner": "uipethernet",
      "name": "UIPEthernet",
      "version": ">=2.0.12",
      "platforms": ["*"]
    },
    {
      "owner": "jandrassy",
      "name": "EthernetENC",
      "version": ">=2.0.3",
      "platforms": ["*"]
    },
    {
      "owner": "jandrassy",
      "name": "WiFiEspAT",
      "version": ">=1.4.1",
      "platforms": ["*"]
    },
    {
      "owner": "khoih-prog",
      "name": "Ethernet_Generic",
      "version": "^2.6.1"
    }
  ],
  "license": "LGPL-3.0",
  "frameworks": "*",
  "platforms": "*",
  "examples": "examples/*/*/*.ino",
  "headers": ["Timezone_Generic.h", "Timezone_Generic.hpp"]
}
