{
  "name": "SHT31",
  "keywords": "SHT31,Temperature,Humidity,I2C,SHT30,SHT35",
  "description": "Arduino library for the I2C SHT31 temperature and humidity sensor",
  "authors":
  [
    {
      "name": "Rob Tillaart",
      "email": "Rob.Tillaart@gmail.com",
      "maintainer": true
    }
  ],
  "repository":
  {
    "type": "git",
    "url": "https://github.com/RobTillaart/SHT31"
  },
  "version": "0.3.8",
  "license": "MIT",
  "frameworks": "arduino",
  "platforms": "*",
  "headers": "SHT31.h"
}
